{"stats":{"minecraft:mined":{"minecraft:grass_block":1},"minecraft:custom":{"minecraft:jump":219,"minecraft:time_since_rest":32274,"minecraft:crouch_one_cm":1094,"minecraft:leave_game":3,"minecraft:play_time":32274,"minecraft:sprint_one_cm":16622,"minecraft:time_since_death":32274,"minecraft:walk_one_cm":15265,"minecraft:sneak_time":390,"minecraft:total_world_time":32274,"minecraft:fall_one_cm":8118,"minecraft:fly_one_cm":114291},"minecraft:picked_up":{"minecraft:dirt":1},"minecraft:used":{"minecraft:dirt":1}},"DataVersion":3953}