{"stats":{"minecraft:custom":{"minecraft:jump":219,"minecraft:time_since_rest":19476,"minecraft:leave_game":2,"minecraft:crouch_one_cm":1094,"minecraft:play_time":19476,"minecraft:sprint_one_cm":16622,"minecraft:time_since_death":19476,"minecraft:walk_one_cm":15265,"minecraft:sneak_time":257,"minecraft:total_world_time":19476,"minecraft:fall_one_cm":8118,"minecraft:fly_one_cm":56374},"minecraft:used":{"minecraft:dirt":1},"minecraft:picked_up":{"minecraft:dirt":1},"minecraft:mined":{"minecraft:grass_block":1}},"DataVersion":3953}