{"stats":{"minecraft:used":{"minecraft:dirt":1,"minecraft:flint_and_steel":1,"minecraft:obsidian":16},"minecraft:picked_up":{"minecraft:dirt":1},"minecraft:mined":{"minecraft:grass_block":1},"minecraft:custom":{"minecraft:jump":320,"minecraft:time_since_rest":52311,"minecraft:leave_game":4,"minecraft:crouch_one_cm":1117,"minecraft:play_time":52311,"minecraft:sprint_one_cm":26230,"minecraft:time_since_death":52311,"minecraft:walk_one_cm":23157,"minecraft:sneak_time":544,"minecraft:total_world_time":52311,"minecraft:fall_one_cm":10533,"minecraft:fly_one_cm":257265}},"DataVersion":3953}