{
  "minecraft:recipes/decorations/crafting_table": {
    "criteria": {
      "unlock_right_away": "2024-06-20 21:54:24 +0000"
    },
    "done": true
  },
  "minecraft:adventure/adventuring_time": {
    "criteria": {
      "minecraft:beach": "2024-06-20 22:30:37 +0000",
      "minecraft:forest": "2024-06-20 22:26:34 +0000",
      "minecraft:sparse_jungle": "2024-06-20 22:30:39 +0000",
      "minecraft:jungle": "2024-06-20 22:30:41 +0000",
      "minecraft:river": "2024-06-20 22:30:34 +0000",
      "minecraft:lukewarm_ocean": "2024-06-20 22:31:46 +0000",
      "minecraft:plains": "2024-06-20 21:54:25 +0000"
    },
    "done": false
  },
  "DataVersion": 3953
}