{
  "minecraft:recipes/decorations/crafting_table": {
    "criteria": {
      "unlock_right_away": "2024-06-20 21:54:24 +0000"
    },
    "done": true
  },
  "minecraft:adventure/adventuring_time": {
    "criteria": {
      "minecraft:beach": "2024-06-20 22:30:37 +0000",
      "minecraft:forest": "2024-06-20 22:26:34 +0000",
      "minecraft:sparse_jungle": "2024-06-20 22:30:39 +0000",
      "minecraft:jungle": "2024-06-20 22:30:41 +0000",
      "minecraft:river": "2024-06-20 22:30:34 +0000",
      "minecraft:lukewarm_ocean": "2024-06-20 22:31:46 +0000",
      "minecraft:plains": "2024-06-20 21:54:25 +0000"
    },
    "done": false
  },
  "minecraft:nether/explore_nether": {
    "criteria": {
      "minecraft:nether_wastes": "2024-06-20 22:55:13 +0000"
    },
    "done": false
  },
  "minecraft:nether/root": {
    "criteria": {
      "entered_nether": "2024-06-20 22:55:12 +0000"
    },
    "done": true
  },
  "minecraft:recipes/tools/flint_and_steel": {
    "criteria": {
      "has_obsidian": "2024-06-20 22:54:33 +0000"
    },
    "done": true
  },
  "minecraft:story/enter_the_nether": {
    "criteria": {
      "entered_nether": "2024-06-20 22:55:12 +0000"
    },
    "done": true
  },
  "minecraft:story/form_obsidian": {
    "criteria": {
      "obsidian": "2024-06-20 22:54:33 +0000"
    },
    "done": true
  },
  "minecraft:recipes/decorations/enchanting_table": {
    "criteria": {
      "has_obsidian": "2024-06-20 22:54:33 +0000"
    },
    "done": true
  },
  "DataVersion": 3953
}